2;
1;
2;
2;
3;
4;
2;
2;
3;
2;
1;
4;
3;
2;
2;
2;
6;
4;
5;
5;
5;
2;
6;
6;
7;
7;
5;
6;
8;
6;
6;
7;
7;
6;
6;
6;
7;
7;
7;
8;
8;
9;
10;
8;
8;
8;
8;
8;
9;
9;
10;
10;
10;
10;
11;
9;
12;
9;
11;
12;
11;
11;
11;
11;
10;
12;
10;
13;
12;
12;
12;
12;
12;
13;
13;
17;
13;
13;
17;
16;
13;
17;
16;
19;
18;
15;
19;
19;
14;
19;
19;
18;
17;
16;
14;
18;
15;
19;
19;
20;
19;
21;
20;
20;
19;
20;
20;
21;
21;
21;
23;
20;
20;
20;
21;
20;
21;
22;
21;
20;
21;
23;
21;
23;
23;
21;
22;
23;
25;
23;
25;
23;
24;
23;
25;
23;
25;
28;
26;
25;
25;
26;
25;
26;
27;
26;
28;
26;
29;
26;
28;
26;
26;
28;
28;
27;
28;
28;
25;
29;
29;
29;
29;
28;
30;
32;
31;
33;
32;
32;
30;
33;
31;
33;
35;
33;
34;
33;
33;
33;
36;
33;
34;
35;
33;
33;
36;
36;
37;
36;
37;
37;
37;
36;
38;
38;
37;
38;
39;
39;
39;
38;
37;
37;
37;
39;
39;
39;
38;
37;
41;
40;
40;
39;
41;
37;
41;
39;
41;
42;
40;
39;
42;
41;
43;
43;
42;
44;
44;
44;
44;
45;
41;
43;
40;
46;
44;
45;
47;
44;
42;
44;
44;
44;
46;
48;
47;
48;
46;
49;
44;
48;
47;
48;
48;
47;
52;
49;
52;
47;
51;
49;
52;
49;
52;
53;
49;
52;
49;
50;
49;
52;
49;
53;
53;
52;
53;
53;
54;
53;
53;
53;
54;
53;
54;
57;
55;
54;
57;
56;
54;
57;
53;
55;
54;
54;
54;
55;
54;
55;
56;
54;
56;
57;
56;
55;
56;
58;
56;
57;
58;
58;
57;
56;
59;
61;
59;
57;
58;
60;
59;
60;
59;
60;
57;
60;
57;
60;
60;
64;
63;
62;
62;
64;
60;
57;
63;
64;
62;
63;
66;
64;
64;
65;
67;
64;
66;
66;
67;
66;
67;
68;
67;
68;
65;
69;
67;
68;
68;
68;
67;
68;
68;
66;
69;
70;
71;
69;
69;
70;
70;
71;
70;
70;
69;
68;
69;
71;
70;
70;
71;
69;
70;
71;
71;
69;
70;
71;
73;
72;
72;
73;
73;
72;
73;
73;
72;
74;
75;
74;
74;
74;
73;
73;
73;
73;
73;
74;
76;
75;
76;
77;
77;
74;
76;
77;
76;
76;
79;
77;
77;
77;
77;
77;
79;
80;
78;
79;
77;
78;
78;
79;
78;
78;
79;
79;
80;
80;
80;
80;
80;
80;
82;
82;
80;
82;
81;
80;
80;
82;
81;
83;
81;
83;
83;
83;
85;
83;
82;
83;
83;
82;
83;
86;
85;
85;
86;
85;
85;
84;
84;
85;
86;
83;
86;
86;
83;
85;
85;
85;
86;
86;
86;
87;
87;
88;
88;
88;
88;
88;
89;
88;
89;
88;
89;
89;
89;
88;
90;
90;
88;
89;
89;
89;
89;
90;
91;
90;
92;
90;
91;
92;
92;
90;
91;
91;
93;
92;
93;
92;
93;
90;
91;
91;
93;
93;
92;
94;
93;
94;
92;
94;
93;
94;
95;
94;
94;
94;
96;
96;
95;
96;
96;
94;
93;
97;
95;
95;
96;
96;
96;
96;
96;
98;
98;
98;
98;
98;
97;
98;
96;
99;
99;
99;
97;
98;
99;
98;
99;
99;
99;
98;
99;
98;
101;
100;
100;
100;
100;
100;
101;
101;
101;
101;
100;
100;
100;
101;
101;
102;
104;
105;
104;
104;
105;
102;
103;
104;
104;
104;
105;
104;
105;
106;
104;
105;
105;
105;
105;
106;
106;
106;
107;
106;
107;
107;
107;
106;
108;
107;
107;
110;
110;
107;
109;
109;
107;
108;
110;
110;
110;
109;
110;
110;
111;
111;
110;
111;
111;
110;
110;
112;
112;
111;
111;
111;
111;
111;
112;
112;
112;
112;
113;
112;
112;
112;
113;
112;
113;
113;
115;
113;
114;
115;
114;
113;
115;
116;
114;
115;
114;
118;
115;
116;
116;
117;
115;
118;
116;
116;
116;
116;
116;
118;
118;
119;
119;
120;
119;
119;
119;
119;
119;
120;
120;
121;
121;
121;
122;
121;
122;
122;
121;
121;
122;
121;
121;
123;
121;
122;
123;
123;
122;
123;
123;
122;
125;
123;
124;
124;
124;
123;
125;
125;
125;
125;
125;
126;
126;
126;
126;
126;
127;
126;
126;
127;
126;
126;
127;
127;
126;
127;
127;
128;
128;
128;
129;
128;
127;
130;
127;
128;
128;
129;
127;
129;
129;
129;
130;
129;
129;
128;
130;
129;
129;
130;
130;
130;
130;
130;
131;
133;
131;
131;
131;
130;
130;
132;
131;
131;
132;
131;
131;
132;
133;
131;
134;
133;
133;
132;
135;
131;
135;
135;
135;
134;
136;
134;
137;
134;
134;
135;
139;
134;
138;
138;
139;
136;
139;
139;
142;
139;
139;
140;
141;
140;
141;
140;
139;
141;
139;
142;
141;
141;
147;
144;
140;
143;
144;
139;
141;
144;
144;
147;
145;
145;
147;
147;
144;
144;
146;
146;
146;
146;
146;
148;
148;
149;
149;
149;
151;
149;
149;
149;
149;
149;
150;
150;
155;
151;
152;
152;
152;
150;
152;
150;
151;
153;
152;
152;
152;
153;
153;
153;
153;
153;
153;
152;
152;
154;
154;
158;
156;
153;
157;
155;
157;
158;
156;
158;
157;
154;
155;
157;
155;
158;
156;
157;
159;
158;
159;
158;
161;
158;
160;
165;
159;
158;
160;
162;
158;
161;
160;
164;
159;
160;
162;
163;
162;
165;
162;
164;
165;
165;
164;
165;
165;
167;
165;
167;
167;
166;
165;
167;
168;
164;
167;
166;
166;
169;
168;
168;
168;
169;
165;
170;
168;
171;
168;
168;
168;
171;
171;
171;
172;
171;
170;
173;
172;
171;
171;
171;
168;
175;
171;
174;
173;
172;
173;
173;
172;
174;
173;
171;
175;
173;
173;
175;
173;
173;
175;
175;
175;
176;
176;
175;
176;
176;
175;
177;
177;
175;
176;
177;
175;
176;
177;
177;
176;
176;
178;
177;
177;
178;
179;
177;
179;
179;
179;
178;
179;
181;
178;
178;
178;
178;
178;
179;
181;
182;
179;
180;
182;
181;
179;
182;
179;
181;
179;
181;
182;
181;
180;
182;
181;
181;
184;
182;
182;
183;
181;
182;
184;
183;
182;
183;
182;
184;
183;
184;
184;
183;
183;
184;
186;
183;
185;
183;
185;
183;
185;
186;
186;
187;
185;
185;
184;
185;
185;
189;
186;
186;
186;
186;
185;
191;
188;
190;
189;
187;
189;
189;
189;
192;
191;
187;
191;
188;
189;
189;
189;
193;
191;
191;
192;
192;
191;
191;
190;
193;
191;
189;
193;
193;
191;
194;
193;
193;
193;
194;
193;
195;
194;
195;
195;
195;
194;
195;
194;
195;
195;
196;
196;
196;
196;
198;
197;
196;
196;
198;
196;
199;
200;
202;
196;
201;
195;
197;
198;
203;
196;
202;
201;
200;
201;
203;
201;
202;
204;
202;
202;
203;
204;
202;
205;
204;
204;
204;
204;
204;
204;
206;
205;
205;
204;
206;
205;
205;
206;
207;
205;
206;
206;
205;
205;
206;
205;
208;
207;
206;
208;
208;
209;
207;
207;
207;
209;
207;
209;
208;
208;
207;
207;
208;
209;
209;
209;
209;
210;
210;
211;
212;
210;
209;
210;
213;
210;
210;
211;
211;
210;
210;
212;
213;
214;
210;
213;
213;
213;
213;
213;
213;
214;
214;
214;
214;
214;
215;
214;
213;
214;
214;
214;
215;
215;
215;
216;
213;
215;
216;
218;
215;
216;
216;
219;
216;
216;
216;
217;
215;
216;
220;
220;
219;
217;
220;
221;
219;
220;
223;
220;
218;
222;
223;
220;
225;
223;
220;
220;
223;
223;
225;
226;
225;
221;
221;
223;
223;
226;
225;
225;
225;
225;
223;
225;
223;
226;
223;
228;
229;
228;
220;
228;
226;
226;
226;
228;
226;
224;
227;
229;
230;
229;
229;
230;
229;
229;
231;
229;
231;
231;
231;
229;
231;
229;
230;
229;
231;
232;
232;
232;
231;
232;
231;
231;
231;
232;
232;
232;
236;
233;
233;
236;
233;
234;
235;
234;
234;
236;
233;
236;
235;
233;
239;
234;
234;
236;
236;
234;
238;
239;
239;
240;
240;
240;
239;
241;
239;
237;
239;
240;
239;
240;
240;
240;
242;
240;
242;
242;
244;
240;
240;
241;
241;
242;
241;
242;
242;
242;
242;
242;
244;
243;
244;
241;
244;
242;
244;
243;
244;
244;
246;
245;
245;
246;
246;
245;
246;
247;
245;
246;
248;
247;
246;
247;
249;
247;
249;
249;
249;
249;
249;
248;
249;
250;
248;
249;
250;
250;
251;
250;
250;
251;
251;
249;
251;
250;
250;
251;
250;
250;
251;
251;
250;
251;
251;
251;
252;
252;
252;
252;
254;
254;
252;
252;
254;
252;
252;
254;
256;
254;
255;
254;
254;
254;
253;
254;
255;
258;
254;
256;
256;
256;
255;
255;
262;
256;
258;
256;
256;
255;
257;
256;
262;
262;
259;
260;
261;
261;
259;
262;
262;
263;
256;
263;
256;
263;
262;
263;
262;
263;
263;
264;
263;
263;
263;
264;
263;
266;
264;
264;
265;
267;
265;
265;
265;
264;
265;
264;
266;
266;
266;
266;
267;
267;
266;
268;
267;
266;
266;
267;
266;
266;
267;
269;
268;
267;
268;
268;
267;
268;
269;
268;
269;
269;
271;
268;
269;
268;
268;
269;
271;
272;
270;
270;
269;
272;
269;
272;
274;
272;
269;
274;
272;
275;
272;
273;
272;
274;
272;
274;
276;
277;
275;
277;
276;
275;
275;
277;
272;
277;
278;
277;
278;
278;
278;
277;
279;
278;
279;
278;
279;
278;
279;
278;
279;
280;
279;
280;
280;
280;
279;
281;
279;
280;
281;
282;
280;
282;
284;
280;
283;
282;
281;
281;
283;
284;
283;
284;
284;
284;
280;
284;
283;
285;
285;
284;
284;
285;
282;
284;
285;
285;
284;
285;
285;
285;
285;
285;
286;
286;
286;
286;
286;
287;
287;
287;
288;
288;
287;
287;
288;
287;
287;
288;
289;
288;
288;
288;
289;
288;
290;
289;
289;
289;
289;
289;
289;
290;
290;
291;
290;
290;
291;
290;
290;
289;
293;
290;
291;
292;
292;
291;
292;
292;
292;
291;
292;
292;
292;
293;
292;
292;
293;
293;
290;
295;
294;
294;
293;
296;
294;
293;
293;
295;
293;
293;
295;
295;
295;
295;
295;
296;
296;
296;
295;
296;
295;
295;
299;
298;
296;
299;
298;
297;
296;
300;
298;
297;
296;
299;
298;
296;
299;
300;
299;
299;
299;
300;
301;
303;
299;
300;
301;
299;
300;
303;
301;
302;
302;
301;
301;
304;
304;
301;
301;
304;
305;
301;
304;
304;
306;
302;
305;
304;
304;
301;
304;
304;
306;
306;
304;
306;
306;
306;
306;
306;
306;
306;
307;
307;
307;
307;
307;
308;
310;
309;
310;
310;
309;
309;
310;
311;
309;
312;
310;
310;
309;
311;
310;
311;
313;
313;
313;
311;
312;
312;
311;
312;
313;
313;
311;
314;
313;
313;
314;
315;
313;
314;
316;
313;
314;
314;
315;
315;
315;
314;
316;
316;
314;
316;
315;
317;
316;
317;
315;
316;
316;
315;
315;
317;
317;
315;
317;
316;
317;
318;
318;
318;
318;
316;
317;
317;
317;
317;
318;
318;
319;
319;
318;
318;
320;
318;
318;
323;
319;
319;
320;
320;
320;
320;
319;
322;
320;
319;
321;
322;
320;
322;
322;
322;
321;
321;
321;
320;
324;
322;
323;
323;
322;
322;
324;
324;
324;
324;
324;
324;
328;
325;
325;
325;
325;
324;
326;
327;
329;
328;
326;
328;
328;
328;
330;
329;
329;
330;
328;
329;
330;
330;
329;
332;
332;
331;
331;
333;
332;
330;
332;
332;
332;
330;
332;
332;
333;
331;
333;
334;
333;
333;
333;
333;
333;
334;
334;
334;
338;
335;
335;
336;
337;
335;
337;
338;
338;
338;
337;
338;
340;
337;
338;
340;
340;
338;
340;
342;
341;
338;
340;
341;
340;
340;
340;
337;
339;
341;
342;
343;
342;
342;
340;
338;
342;
342;
342;
343;
342;
342;
343;
343;
342;
343;
344;
343;
343;
343;
343;
344;
344;
345;
345;
345;
343;
345;
344;
344;
344;
345;
344;
346;
346;
